host,type,owner,criticality
payroll-srv-01,Server,Finance,10
dc-01,Server,IT,10
hr-laptop-07,Laptop,HR,6
fin-laptop-03,Laptop,Finance,7
test-vm-01,VM,QA,1
jump-host-02,Server,IT,8
eng-lt-14,Laptop,Engineering,4
eng-srv-21,Server,Engineering,8
finance-srv-95,Server,Finance,9
hr-lt-18,Laptop,HR,6
sales-srv-55,Server,Sales,8
finance-srv-28,Server,Finance,8
sales-srv-26,Server,Sales,9
engineering-lt-76,Laptop,Engineering,7
qa-srv-21,Server,QA,9
it-lt-20,Laptop,IT,4
finance-lt-12,Laptop,Finance,5
it-srv-45,Server,IT,9
support-srv-59,Server,Support,8
finance-vm-71,VM,Finance,2
sales-lt-25,Laptop,Sales,4
support-srv-30,Server,Support,9
qa-srv-30,Server,QA,8
it-vm-59,VM,IT,2
it-lt-46,Laptop,IT,6
support-lt-88,Laptop,Support,4
sales-lt-94,Laptop,Sales,6
engineering-lt-49,Laptop,Engineering,7
support-lt-42,Laptop,Support,6
qa-lt-05,Laptop,QA,7
it-vm-09,VM,IT,1
hr-lt-84,Laptop,HR,5
support-vm-59,VM,Support,1
hr-lt-32,Laptop,HR,5
sales-vm-52,VM,Sales,2
hr-lt-66,Laptop,HR,7
qa-srv-07,Server,QA,8
support-lt-21,Laptop,Support,7
engineering-srv-49,Server,Engineering,9
sales-lt-02,Laptop,Sales,4
